Players,MP,FG,FGA,FG%,3P,3PA,3P%,FT,FTA,FT%,ORB,DRB,TRB,AST,STL,BLK,TOV,PF,PTS,+/-,Team
Scottie Barnes,38:04,13,19,.684,1,4,.250,5,6,.833,3,6,9,7,1,0,1,3,32,+5,Toronto
OG Anunoby,37:39,12,14,.857,4,6,.667,3,3,1.000,0,2,2,1,5,0,5,1,31,+7,Toronto
Pascal Siakam,37:05,5,13,.385,2,5,.400,0,0,,0,4,4,2,0,1,1,3,12,+9,Toronto
Fred VanVleet,36:29,3,9,.333,2,6,.333,0,0,,0,4,4,10,3,0,4,3,8,+5,Toronto
Jakob Poeltl,33:03,8,17,.471,0,0,,1,2,.500,4,6,10,4,3,1,0,2,17,+5,Toronto
Gary Trent Jr.,21:01,0,9,.000,0,3,.000,0,0,,1,1,2,2,1,0,0,0,0,-27,Toronto
Will Barton,13:45,2,3,.667,1,2,.500,0,0,,0,1,1,3,1,0,0,1,5,-18,Toronto
Chris Boucher,10:35,1,3,.333,0,1,.000,0,0,,1,1,2,0,0,1,1,0,2,-17,Toronto
Precious Achiuwa,8:18,2,5,.400,0,1,.000,1,2,.500,1,1,2,0,0,0,1,2,5,-10,Toronto
Thaddeus Young,4:01,0,0,,0,0,,0,0,,0,1,1,0,0,0,0,1,0,-9,Toronto
Malachi Flynn,Did Not Play,Did Not Play,Did Not Play,Did Not Play,Did Not Play,Did Not Play,Did Not Play,Did Not Play,Did Not Play,Did Not Play,Did Not Play,Did Not Play,Did Not Play,Did Not Play,Did Not Play,Did Not Play,Did Not Play,Did Not Play,Did Not Play,Did Not Play,Toronto
Team Totals,240,46,92,.500,10,28,.357,10,13,.769,10,27,37,29,14,3,13,16,112,,Toronto
Scottie Barnes,38:04,13,19,.684,1,4,.250,5,6,.833,3,6,9,7,1,0,1,3,32,+5,LA Lakers
OG Anunoby,37:39,12,14,.857,4,6,.667,3,3,1.000,0,2,2,1,5,0,5,1,31,+7,LA Lakers
Pascal Siakam,37:05,5,13,.385,2,5,.400,0,0,,0,4,4,2,0,1,1,3,12,+9,LA Lakers
Fred VanVleet,36:29,3,9,.333,2,6,.333,0,0,,0,4,4,10,3,0,4,3,8,+5,LA Lakers
Jakob Poeltl,33:03,8,17,.471,0,0,,1,2,.500,4,6,10,4,3,1,0,2,17,+5,LA Lakers
Gary Trent Jr.,21:01,0,9,.000,0,3,.000,0,0,,1,1,2,2,1,0,0,0,0,-27,LA Lakers
Will Barton,13:45,2,3,.667,1,2,.500,0,0,,0,1,1,3,1,0,0,1,5,-18,LA Lakers
Chris Boucher,10:35,1,3,.333,0,1,.000,0,0,,1,1,2,0,0,1,1,0,2,-17,LA Lakers
Precious Achiuwa,8:18,2,5,.400,0,1,.000,1,2,.500,1,1,2,0,0,0,1,2,5,-10,LA Lakers
Thaddeus Young,4:01,0,0,,0,0,,0,0,,0,1,1,0,0,0,0,1,0,-9,LA Lakers
Malachi Flynn,Did Not Play,Did Not Play,Did Not Play,Did Not Play,Did Not Play,Did Not Play,Did Not Play,Did Not Play,Did Not Play,Did Not Play,Did Not Play,Did Not Play,Did Not Play,Did Not Play,Did Not Play,Did Not Play,Did Not Play,Did Not Play,Did Not Play,Did Not Play,LA Lakers
Team Totals,240,46,92,.500,10,28,.357,10,13,.769,10,27,37,29,14,3,13,16,112,,LA Lakers
Donovan Mitchell,42:33,15,30,.500,8,15,.533,4,6,.667,0,3,3,4,1,0,4,4,42,+1,Toronto
Caris LeVert,38:41,6,13,.462,4,9,.444,0,0,,0,3,3,4,1,1,2,1,16,-5,Toronto
Jarrett Allen,34:11,2,5,.400,0,0,,2,2,1.000,4,9,13,4,1,4,1,1,6,+8,Toronto
Isaac Okoro,33:37,6,9,.667,1,2,.500,3,3,1.000,2,0,2,3,2,0,0,2,16,-2,Toronto
Evan Mobley,28:24,4,10,.400,1,3,.333,3,4,.750,0,4,4,2,0,1,0,4,12,-18,Toronto
Ricky Rubio,25:10,3,8,.375,2,7,.286,0,0,,0,3,3,8,0,0,3,3,8,-8,Toronto
Lamar Stevens,24:43,2,5,.400,1,3,.333,3,4,.750,2,3,5,0,0,0,0,3,8,+2,Toronto
Cedi Osman,12:40,2,6,.333,1,4,.250,2,2,1.000,0,1,1,0,0,0,1,2,7,+4,Toronto
Robin Lopez,0:01,0,0,,0,0,,0,0,,0,0,0,0,0,0,0,0,0,-2,Toronto
Danny Green,Did Not Play,Did Not Play,Did Not Play,Did Not Play,Did Not Play,Did Not Play,Did Not Play,Did Not Play,Did Not Play,Did Not Play,Did Not Play,Did Not Play,Did Not Play,Did Not Play,Did Not Play,Did Not Play,Did Not Play,Did Not Play,Did Not Play,Did Not Play,Toronto
Sam Merrill,Did Not Play,Did Not Play,Did Not Play,Did Not Play,Did Not Play,Did Not Play,Did Not Play,Did Not Play,Did Not Play,Did Not Play,Did Not Play,Did Not Play,Did Not Play,Did Not Play,Did Not Play,Did Not Play,Did Not Play,Did Not Play,Did Not Play,Did Not Play,Toronto
Raul Neto,Did Not Play,Did Not Play,Did Not Play,Did Not Play,Did Not Play,Did Not Play,Did Not Play,Did Not Play,Did Not Play,Did Not Play,Did Not Play,Did Not Play,Did Not Play,Did Not Play,Did Not Play,Did Not Play,Did Not Play,Did Not Play,Did Not Play,Did Not Play,Toronto
Dean Wade,Did Not Play,Did Not Play,Did Not Play,Did Not Play,Did Not Play,Did Not Play,Did Not Play,Did Not Play,Did Not Play,Did Not Play,Did Not Play,Did Not Play,Did Not Play,Did Not Play,Did Not Play,Did Not Play,Did Not Play,Did Not Play,Did Not Play,Did Not Play,Toronto
Team Totals,240,40,86,.465,18,43,.419,17,21,.810,8,26,34,25,5,6,11,20,115,,Toronto
Donovan Mitchell,42:33,15,30,.500,8,15,.533,4,6,.667,0,3,3,4,1,0,4,4,42,+1,LA Lakers
Caris LeVert,38:41,6,13,.462,4,9,.444,0,0,,0,3,3,4,1,1,2,1,16,-5,LA Lakers
Jarrett Allen,34:11,2,5,.400,0,0,,2,2,1.000,4,9,13,4,1,4,1,1,6,+8,LA Lakers
Isaac Okoro,33:37,6,9,.667,1,2,.500,3,3,1.000,2,0,2,3,2,0,0,2,16,-2,LA Lakers
Evan Mobley,28:24,4,10,.400,1,3,.333,3,4,.750,0,4,4,2,0,1,0,4,12,-18,LA Lakers
Ricky Rubio,25:10,3,8,.375,2,7,.286,0,0,,0,3,3,8,0,0,3,3,8,-8,LA Lakers
Lamar Stevens,24:43,2,5,.400,1,3,.333,3,4,.750,2,3,5,0,0,0,0,3,8,+2,LA Lakers
Cedi Osman,12:40,2,6,.333,1,4,.250,2,2,1.000,0,1,1,0,0,0,1,2,7,+4,LA Lakers
Robin Lopez,0:01,0,0,,0,0,,0,0,,0,0,0,0,0,0,0,0,0,-2,LA Lakers
Danny Green,Did Not Play,Did Not Play,Did Not Play,Did Not Play,Did Not Play,Did Not Play,Did Not Play,Did Not Play,Did Not Play,Did Not Play,Did Not Play,Did Not Play,Did Not Play,Did Not Play,Did Not Play,Did Not Play,Did Not Play,Did Not Play,Did Not Play,Did Not Play,LA Lakers
Sam Merrill,Did Not Play,Did Not Play,Did Not Play,Did Not Play,Did Not Play,Did Not Play,Did Not Play,Did Not Play,Did Not Play,Did Not Play,Did Not Play,Did Not Play,Did Not Play,Did Not Play,Did Not Play,Did Not Play,Did Not Play,Did Not Play,Did Not Play,Did Not Play,LA Lakers
Raul Neto,Did Not Play,Did Not Play,Did Not Play,Did Not Play,Did Not Play,Did Not Play,Did Not Play,Did Not Play,Did Not Play,Did Not Play,Did Not Play,Did Not Play,Did Not Play,Did Not Play,Did Not Play,Did Not Play,Did Not Play,Did Not Play,Did Not Play,Did Not Play,LA Lakers
Dean Wade,Did Not Play,Did Not Play,Did Not Play,Did Not Play,Did Not Play,Did Not Play,Did Not Play,Did Not Play,Did Not Play,Did Not Play,Did Not Play,Did Not Play,Did Not Play,Did Not Play,Did Not Play,Did Not Play,Did Not Play,Did Not Play,Did Not Play,Did Not Play,LA Lakers
Team Totals,240,40,86,.465,18,43,.419,17,21,.810,8,26,34,25,5,6,11,20,115,,LA Lakers
Mikal Bridges,46:30,13,24,.542,4,8,.500,4,6,.667,0,6,6,1,0,0,4,2,34,-6,Toronto
Spencer Dinwiddie,44:31,11,24,.458,3,7,.429,4,6,.667,1,2,3,11,1,0,1,3,29,+6,Toronto
Dorian Finney-Smith,37:25,3,9,.333,2,5,.400,3,4,.750,3,2,5,2,3,1,0,4,11,-3,Toronto
Nic Claxton,35:25,5,6,.833,0,0,,1,2,.500,4,5,9,3,0,4,3,6,11,+7,Toronto
Cameron Johnson,34:25,3,8,.375,2,4,.500,7,9,.778,1,7,8,0,0,0,3,3,15,-4,Toronto
Royce O'Neale,36:21,3,11,.273,3,5,.600,3,4,.750,3,12,15,2,3,0,2,5,12,-6,Toronto
Seth Curry,17:14,4,7,.571,2,4,.500,1,1,1.000,0,2,2,1,0,0,0,1,11,+7,Toronto
Joe Harris,7:51,0,1,.000,0,1,.000,0,0,,0,0,0,0,0,0,0,2,0,+5,Toronto
Cam Thomas,5:18,0,1,.000,0,0,,1,1,1.000,0,0,0,0,0,0,1,0,1,-1,Toronto
David Duke Jr.,Did Not Play,Did Not Play,Did Not Play,Did Not Play,Did Not Play,Did Not Play,Did Not Play,Did Not Play,Did Not Play,Did Not Play,Did Not Play,Did Not Play,Did Not Play,Did Not Play,Did Not Play,Did Not Play,Did Not Play,Did Not Play,Did Not Play,Did Not Play,Toronto
Patty Mills,Did Not Play,Did Not Play,Did Not Play,Did Not Play,Did Not Play,Did Not Play,Did Not Play,Did Not Play,Did Not Play,Did Not Play,Did Not Play,Did Not Play,Did Not Play,Did Not Play,Did Not Play,Did Not Play,Did Not Play,Did Not Play,Did Not Play,Did Not Play,Toronto
Nerlens Noel,Did Not Play,Did Not Play,Did Not Play,Did Not Play,Did Not Play,Did Not Play,Did Not Play,Did Not Play,Did Not Play,Did Not Play,Did Not Play,Did Not Play,Did Not Play,Did Not Play,Did Not Play,Did Not Play,Did Not Play,Did Not Play,Did Not Play,Did Not Play,Toronto
Day'Ron Sharpe,Did Not Play,Did Not Play,Did Not Play,Did Not Play,Did Not Play,Did Not Play,Did Not Play,Did Not Play,Did Not Play,Did Not Play,Did Not Play,Did Not Play,Did Not Play,Did Not Play,Did Not Play,Did Not Play,Did Not Play,Did Not Play,Did Not Play,Did Not Play,Toronto
Edmond Sumner,Did Not Play,Did Not Play,Did Not Play,Did Not Play,Did Not Play,Did Not Play,Did Not Play,Did Not Play,Did Not Play,Did Not Play,Did Not Play,Did Not Play,Did Not Play,Did Not Play,Did Not Play,Did Not Play,Did Not Play,Did Not Play,Did Not Play,Did Not Play,Toronto
Yuta Watanabe,Did Not Play,Did Not Play,Did Not Play,Did Not Play,Did Not Play,Did Not Play,Did Not Play,Did Not Play,Did Not Play,Did Not Play,Did Not Play,Did Not Play,Did Not Play,Did Not Play,Did Not Play,Did Not Play,Did Not Play,Did Not Play,Did Not Play,Did Not Play,Toronto
Team Totals,265,42,91,.462,16,34,.471,24,33,.727,12,36,48,20,7,5,14,26,124,,Toronto
Mikal Bridges,46:30,13,24,.542,4,8,.500,4,6,.667,0,6,6,1,0,0,4,2,34,-6,LA Lakers
Spencer Dinwiddie,44:31,11,24,.458,3,7,.429,4,6,.667,1,2,3,11,1,0,1,3,29,+6,LA Lakers
Dorian Finney-Smith,37:25,3,9,.333,2,5,.400,3,4,.750,3,2,5,2,3,1,0,4,11,-3,LA Lakers
Nic Claxton,35:25,5,6,.833,0,0,,1,2,.500,4,5,9,3,0,4,3,6,11,+7,LA Lakers
Cameron Johnson,34:25,3,8,.375,2,4,.500,7,9,.778,1,7,8,0,0,0,3,3,15,-4,LA Lakers
Royce O'Neale,36:21,3,11,.273,3,5,.600,3,4,.750,3,12,15,2,3,0,2,5,12,-6,LA Lakers
Seth Curry,17:14,4,7,.571,2,4,.500,1,1,1.000,0,2,2,1,0,0,0,1,11,+7,LA Lakers
Joe Harris,7:51,0,1,.000,0,1,.000,0,0,,0,0,0,0,0,0,0,2,0,+5,LA Lakers
Cam Thomas,5:18,0,1,.000,0,0,,1,1,1.000,0,0,0,0,0,0,1,0,1,-1,LA Lakers
David Duke Jr.,Did Not Play,Did Not Play,Did Not Play,Did Not Play,Did Not Play,Did Not Play,Did Not Play,Did Not Play,Did Not Play,Did Not Play,Did Not Play,Did Not Play,Did Not Play,Did Not Play,Did Not Play,Did Not Play,Did Not Play,Did Not Play,Did Not Play,Did Not Play,LA Lakers
Patty Mills,Did Not Play,Did Not Play,Did Not Play,Did Not Play,Did Not Play,Did Not Play,Did Not Play,Did Not Play,Did Not Play,Did Not Play,Did Not Play,Did Not Play,Did Not Play,Did Not Play,Did Not Play,Did Not Play,Did Not Play,Did Not Play,Did Not Play,Did Not Play,LA Lakers
Nerlens Noel,Did Not Play,Did Not Play,Did Not Play,Did Not Play,Did Not Play,Did Not Play,Did Not Play,Did Not Play,Did Not Play,Did Not Play,Did Not Play,Did Not Play,Did Not Play,Did Not Play,Did Not Play,Did Not Play,Did Not Play,Did Not Play,Did Not Play,Did Not Play,LA Lakers
Day'Ron Sharpe,Did Not Play,Did Not Play,Did Not Play,Did Not Play,Did Not Play,Did Not Play,Did Not Play,Did Not Play,Did Not Play,Did Not Play,Did Not Play,Did Not Play,Did Not Play,Did Not Play,Did Not Play,Did Not Play,Did Not Play,Did Not Play,Did Not Play,Did Not Play,LA Lakers
Edmond Sumner,Did Not Play,Did Not Play,Did Not Play,Did Not Play,Did Not Play,Did Not Play,Did Not Play,Did Not Play,Did Not Play,Did Not Play,Did Not Play,Did Not Play,Did Not Play,Did Not Play,Did Not Play,Did Not Play,Did Not Play,Did Not Play,Did Not Play,Did Not Play,LA Lakers
Yuta Watanabe,Did Not Play,Did Not Play,Did Not Play,Did Not Play,Did Not Play,Did Not Play,Did Not Play,Did Not Play,Did Not Play,Did Not Play,Did Not Play,Did Not Play,Did Not Play,Did Not Play,Did Not Play,Did Not Play,Did Not Play,Did Not Play,Did Not Play,Did Not Play,LA Lakers
Team Totals,265,42,91,.462,16,34,.471,24,33,.727,12,36,48,20,7,5,14,26,124,,LA Lakers
Jerami Grant,42:06,8,13,.615,3,6,.500,5,8,.625,2,8,10,2,1,0,1,3,24,+7,Toronto
Damian Lillard,38:43,6,15,.400,2,8,.250,8,8,1.000,0,6,6,11,0,0,2,2,22,+3,Toronto
Anfernee Simons,29:18,13,22,.591,8,12,.667,0,1,.000,0,1,1,2,0,0,0,1,34,-3,Toronto
Jusuf Nurkić,25:53,5,8,.625,0,2,.000,1,5,.200,0,5,5,5,1,0,0,4,11,+9,Toronto
Matisse Thybulle,19:23,2,4,.500,1,3,.333,0,0,,0,2,2,1,1,1,0,0,5,+14,Toronto
Cam Reddish,36:02,6,11,.545,1,4,.250,1,2,.500,0,2,2,1,2,0,4,1,14,-2,Toronto
Drew Eubanks,22:07,2,5,.400,0,0,,4,4,1.000,1,5,6,1,0,2,1,2,8,-10,Toronto
Shaedon Sharpe,17:14,0,0,,0,0,,1,2,.500,1,1,2,1,1,0,0,2,1,-19,Toronto
Nassir Little,9:14,0,2,.000,0,1,.000,0,0,,1,1,2,0,0,0,1,2,0,-4,Toronto
Keon Johnson,Did Not Play,Did Not Play,Did Not Play,Did Not Play,Did Not Play,Did Not Play,Did Not Play,Did Not Play,Did Not Play,Did Not Play,Did Not Play,Did Not Play,Did Not Play,Did Not Play,Did Not Play,Did Not Play,Did Not Play,Did Not Play,Did Not Play,Did Not Play,Toronto
Kevin Knox,Did Not Play,Did Not Play,Did Not Play,Did Not Play,Did Not Play,Did Not Play,Did Not Play,Did Not Play,Did Not Play,Did Not Play,Did Not Play,Did Not Play,Did Not Play,Did Not Play,Did Not Play,Did Not Play,Did Not Play,Did Not Play,Did Not Play,Did Not Play,Toronto
Jabari Walker,Did Not Play,Did Not Play,Did Not Play,Did Not Play,Did Not Play,Did Not Play,Did Not Play,Did Not Play,Did Not Play,Did Not Play,Did Not Play,Did Not Play,Did Not Play,Did Not Play,Did Not Play,Did Not Play,Did Not Play,Did Not Play,Did Not Play,Did Not Play,Toronto
Trendon Watford,Did Not Play,Did Not Play,Did Not Play,Did Not Play,Did Not Play,Did Not Play,Did Not Play,Did Not Play,Did Not Play,Did Not Play,Did Not Play,Did Not Play,Did Not Play,Did Not Play,Did Not Play,Did Not Play,Did Not Play,Did Not Play,Did Not Play,Did Not Play,Toronto
Team Totals,240,42,80,.525,15,36,.417,20,30,.667,5,31,36,24,6,3,9,17,119,,Toronto
Jerami Grant,42:06,8,13,.615,3,6,.500,5,8,.625,2,8,10,2,1,0,1,3,24,+7,LA Lakers
Damian Lillard,38:43,6,15,.400,2,8,.250,8,8,1.000,0,6,6,11,0,0,2,2,22,+3,LA Lakers
Anfernee Simons,29:18,13,22,.591,8,12,.667,0,1,.000,0,1,1,2,0,0,0,1,34,-3,LA Lakers
Jusuf Nurkić,25:53,5,8,.625,0,2,.000,1,5,.200,0,5,5,5,1,0,0,4,11,+9,LA Lakers
Matisse Thybulle,19:23,2,4,.500,1,3,.333,0,0,,0,2,2,1,1,1,0,0,5,+14,LA Lakers
Cam Reddish,36:02,6,11,.545,1,4,.250,1,2,.500,0,2,2,1,2,0,4,1,14,-2,LA Lakers
Drew Eubanks,22:07,2,5,.400,0,0,,4,4,1.000,1,5,6,1,0,2,1,2,8,-10,LA Lakers
Shaedon Sharpe,17:14,0,0,,0,0,,1,2,.500,1,1,2,1,1,0,0,2,1,-19,LA Lakers
Nassir Little,9:14,0,2,.000,0,1,.000,0,0,,1,1,2,0,0,0,1,2,0,-4,LA Lakers
Keon Johnson,Did Not Play,Did Not Play,Did Not Play,Did Not Play,Did Not Play,Did Not Play,Did Not Play,Did Not Play,Did Not Play,Did Not Play,Did Not Play,Did Not Play,Did Not Play,Did Not Play,Did Not Play,Did Not Play,Did Not Play,Did Not Play,Did Not Play,Did Not Play,LA Lakers
Kevin Knox,Did Not Play,Did Not Play,Did Not Play,Did Not Play,Did Not Play,Did Not Play,Did Not Play,Did Not Play,Did Not Play,Did Not Play,Did Not Play,Did Not Play,Did Not Play,Did Not Play,Did Not Play,Did Not Play,Did Not Play,Did Not Play,Did Not Play,Did Not Play,LA Lakers
Jabari Walker,Did Not Play,Did Not Play,Did Not Play,Did Not Play,Did Not Play,Did Not Play,Did Not Play,Did Not Play,Did Not Play,Did Not Play,Did Not Play,Did Not Play,Did Not Play,Did Not Play,Did Not Play,Did Not Play,Did Not Play,Did Not Play,Did Not Play,Did Not Play,LA Lakers
Trendon Watford,Did Not Play,Did Not Play,Did Not Play,Did Not Play,Did Not Play,Did Not Play,Did Not Play,Did Not Play,Did Not Play,Did Not Play,Did Not Play,Did Not Play,Did Not Play,Did Not Play,Did Not Play,Did Not Play,Did Not Play,Did Not Play,Did Not Play,Did Not Play,LA Lakers
Team Totals,240,42,80,.525,15,36,.417,20,30,.667,5,31,36,24,6,3,9,17,119,,LA Lakers
Nikola Jokić,38:30,14,24,.583,4,6,.667,5,6,.833,3,8,11,11,3,0,5,2,37,-2,Toronto
Jamal Murray,37:18,9,21,.429,2,8,.250,4,4,1.000,2,4,6,7,3,2,4,2,24,-4,Toronto
Kentavious Caldwell-Pope,37:05,4,8,.500,3,6,.500,2,2,1.000,1,1,2,5,4,1,0,0,13,-5,Toronto
Aaron Gordon,33:35,5,8,.625,2,5,.400,2,2,1.000,0,6,6,3,1,1,3,3,14,0,Toronto
Michael Porter Jr.,20:18,3,5,.600,1,3,.333,0,0,,0,1,1,1,0,0,0,1,7,-5,Toronto
Bruce Brown,25:13,3,8,.375,0,3,.000,2,2,1.000,0,1,1,1,2,0,2,4,8,-4,Toronto
Reggie Jackson,17:04,1,6,.167,0,3,.000,2,2,1.000,0,0,0,3,0,0,0,1,4,-6,Toronto
Jeff Green,16:17,2,4,.500,0,0,,2,2,1.000,0,2,2,0,1,0,0,0,6,-7,Toronto
Thomas Bryant,7:38,2,4,.500,0,0,,0,0,,2,1,3,1,0,0,0,0,4,-7,Toronto
Christian Braun,7:02,1,2,.500,1,1,1.000,0,0,,0,1,1,0,0,0,0,1,3,0,Toronto
Vlatko Čančar,Did Not Play,Did Not Play,Did Not Play,Did Not Play,Did Not Play,Did Not Play,Did Not Play,Did Not Play,Did Not Play,Did Not Play,Did Not Play,Did Not Play,Did Not Play,Did Not Play,Did Not Play,Did Not Play,Did Not Play,Did Not Play,Did Not Play,Did Not Play,Toronto
DeAndre Jordan,Did Not Play,Did Not Play,Did Not Play,Did Not Play,Did Not Play,Did Not Play,Did Not Play,Did Not Play,Did Not Play,Did Not Play,Did Not Play,Did Not Play,Did Not Play,Did Not Play,Did Not Play,Did Not Play,Did Not Play,Did Not Play,Did Not Play,Did Not Play,Toronto
Ish Smith,Did Not Play,Did Not Play,Did Not Play,Did Not Play,Did Not Play,Did Not Play,Did Not Play,Did Not Play,Did Not Play,Did Not Play,Did Not Play,Did Not Play,Did Not Play,Did Not Play,Did Not Play,Did Not Play,Did Not Play,Did Not Play,Did Not Play,Did Not Play,Toronto
Jack White,Did Not Play,Did Not Play,Did Not Play,Did Not Play,Did Not Play,Did Not Play,Did Not Play,Did Not Play,Did Not Play,Did Not Play,Did Not Play,Did Not Play,Did Not Play,Did Not Play,Did Not Play,Did Not Play,Did Not Play,Did Not Play,Did Not Play,Did Not Play,Toronto
Team Totals,240,44,90,.489,13,35,.371,19,20,.950,8,25,33,32,14,4,14,14,120,,Toronto
Nikola Jokić,38:30,14,24,.583,4,6,.667,5,6,.833,3,8,11,11,3,0,5,2,37,-2,LA Lakers
Jamal Murray,37:18,9,21,.429,2,8,.250,4,4,1.000,2,4,6,7,3,2,4,2,24,-4,LA Lakers
Kentavious Caldwell-Pope,37:05,4,8,.500,3,6,.500,2,2,1.000,1,1,2,5,4,1,0,0,13,-5,LA Lakers
Aaron Gordon,33:35,5,8,.625,2,5,.400,2,2,1.000,0,6,6,3,1,1,3,3,14,0,LA Lakers
Michael Porter Jr.,20:18,3,5,.600,1,3,.333,0,0,,0,1,1,1,0,0,0,1,7,-5,LA Lakers
Bruce Brown,25:13,3,8,.375,0,3,.000,2,2,1.000,0,1,1,1,2,0,2,4,8,-4,LA Lakers
Reggie Jackson,17:04,1,6,.167,0,3,.000,2,2,1.000,0,0,0,3,0,0,0,1,4,-6,LA Lakers
Jeff Green,16:17,2,4,.500,0,0,,2,2,1.000,0,2,2,0,1,0,0,0,6,-7,LA Lakers
Thomas Bryant,7:38,2,4,.500,0,0,,0,0,,2,1,3,1,0,0,0,0,4,-7,LA Lakers
Christian Braun,7:02,1,2,.500,1,1,1.000,0,0,,0,1,1,0,0,0,0,1,3,0,LA Lakers
Vlatko Čančar,Did Not Play,Did Not Play,Did Not Play,Did Not Play,Did Not Play,Did Not Play,Did Not Play,Did Not Play,Did Not Play,Did Not Play,Did Not Play,Did Not Play,Did Not Play,Did Not Play,Did Not Play,Did Not Play,Did Not Play,Did Not Play,Did Not Play,Did Not Play,LA Lakers
DeAndre Jordan,Did Not Play,Did Not Play,Did Not Play,Did Not Play,Did Not Play,Did Not Play,Did Not Play,Did Not Play,Did Not Play,Did Not Play,Did Not Play,Did Not Play,Did Not Play,Did Not Play,Did Not Play,Did Not Play,Did Not Play,Did Not Play,Did Not Play,Did Not Play,LA Lakers
Ish Smith,Did Not Play,Did Not Play,Did Not Play,Did Not Play,Did Not Play,Did Not Play,Did Not Play,Did Not Play,Did Not Play,Did Not Play,Did Not Play,Did Not Play,Did Not Play,Did Not Play,Did Not Play,Did Not Play,Did Not Play,Did Not Play,Did Not Play,Did Not Play,LA Lakers
Jack White,Did Not Play,Did Not Play,Did Not Play,Did Not Play,Did Not Play,Did Not Play,Did Not Play,Did Not Play,Did Not Play,Did Not Play,Did Not Play,Did Not Play,Did Not Play,Did Not Play,Did Not Play,Did Not Play,Did Not Play,Did Not Play,Did Not Play,Did Not Play,LA Lakers
Team Totals,240,44,90,.489,13,35,.371,19,20,.950,8,25,33,32,14,4,14,14,120,,LA Lakers
Dejounte Murray,35:34,6,16,.375,1,3,.333,3,4,.750,3,4,7,7,1,0,1,0,16,-1,Toronto
De'Andre Hunter,34:59,7,14,.500,1,3,.333,3,4,.750,0,7,7,0,1,1,3,2,18,+1,Toronto
Trae Young,32:51,9,19,.474,6,10,.600,4,4,1.000,0,2,2,9,2,0,3,2,28,+4,Toronto
Clint Capela,29:26,4,10,.400,0,0,,0,0,,5,5,10,0,0,1,3,2,8,-5,Toronto
John Collins,27:46,3,7,.429,0,3,.000,1,1,1.000,2,2,4,3,2,1,1,3,7,-7,Toronto
Saddiq Bey,25:31,5,8,.625,3,4,.750,1,1,1.000,0,0,0,0,0,0,1,1,14,+15,Toronto
Bogdan Bogdanović,22:18,5,11,.455,4,8,.500,1,1,1.000,0,2,2,3,0,0,2,3,15,+10,Toronto
Onyeka Okongwu,18:34,1,4,.250,0,0,,2,4,.500,1,7,8,1,2,1,0,3,4,+12,Toronto
Jalen Johnson,13:01,2,6,.333,0,0,,0,0,,2,4,6,2,1,0,0,1,4,+6,Toronto
Bruno Fernando,Did Not Play,Did Not Play,Did Not Play,Did Not Play,Did Not Play,Did Not Play,Did Not Play,Did Not Play,Did Not Play,Did Not Play,Did Not Play,Did Not Play,Did Not Play,Did Not Play,Did Not Play,Did Not Play,Did Not Play,Did Not Play,Did Not Play,Did Not Play,Toronto
AJ Griffin,Did Not Play,Did Not Play,Did Not Play,Did Not Play,Did Not Play,Did Not Play,Did Not Play,Did Not Play,Did Not Play,Did Not Play,Did Not Play,Did Not Play,Did Not Play,Did Not Play,Did Not Play,Did Not Play,Did Not Play,Did Not Play,Did Not Play,Did Not Play,Toronto
Aaron Holiday,Did Not Play,Did Not Play,Did Not Play,Did Not Play,Did Not Play,Did Not Play,Did Not Play,Did Not Play,Did Not Play,Did Not Play,Did Not Play,Did Not Play,Did Not Play,Did Not Play,Did Not Play,Did Not Play,Did Not Play,Did Not Play,Did Not Play,Did Not Play,Toronto
Vit Krejci,Did Not Play,Did Not Play,Did Not Play,Did Not Play,Did Not Play,Did Not Play,Did Not Play,Did Not Play,Did Not Play,Did Not Play,Did Not Play,Did Not Play,Did Not Play,Did Not Play,Did Not Play,Did Not Play,Did Not Play,Did Not Play,Did Not Play,Did Not Play,Toronto
Garrison Mathews,Did Not Play,Did Not Play,Did Not Play,Did Not Play,Did Not Play,Did Not Play,Did Not Play,Did Not Play,Did Not Play,Did Not Play,Did Not Play,Did Not Play,Did Not Play,Did Not Play,Did Not Play,Did Not Play,Did Not Play,Did Not Play,Did Not Play,Did Not Play,Toronto
Team Totals,240,42,95,.442,15,31,.484,15,19,.789,13,33,46,25,9,4,14,17,114,,Toronto
Dejounte Murray,35:34,6,16,.375,1,3,.333,3,4,.750,3,4,7,7,1,0,1,0,16,-1,LA Lakers
De'Andre Hunter,34:59,7,14,.500,1,3,.333,3,4,.750,0,7,7,0,1,1,3,2,18,+1,LA Lakers
Trae Young,32:51,9,19,.474,6,10,.600,4,4,1.000,0,2,2,9,2,0,3,2,28,+4,LA Lakers
Clint Capela,29:26,4,10,.400,0,0,,0,0,,5,5,10,0,0,1,3,2,8,-5,LA Lakers
John Collins,27:46,3,7,.429,0,3,.000,1,1,1.000,2,2,4,3,2,1,1,3,7,-7,LA Lakers
Saddiq Bey,25:31,5,8,.625,3,4,.750,1,1,1.000,0,0,0,0,0,0,1,1,14,+15,LA Lakers
Bogdan Bogdanović,22:18,5,11,.455,4,8,.500,1,1,1.000,0,2,2,3,0,0,2,3,15,+10,LA Lakers
Onyeka Okongwu,18:34,1,4,.250,0,0,,2,4,.500,1,7,8,1,2,1,0,3,4,+12,LA Lakers
Jalen Johnson,13:01,2,6,.333,0,0,,0,0,,2,4,6,2,1,0,0,1,4,+6,LA Lakers
Bruno Fernando,Did Not Play,Did Not Play,Did Not Play,Did Not Play,Did Not Play,Did Not Play,Did Not Play,Did Not Play,Did Not Play,Did Not Play,Did Not Play,Did Not Play,Did Not Play,Did Not Play,Did Not Play,Did Not Play,Did Not Play,Did Not Play,Did Not Play,Did Not Play,LA Lakers
AJ Griffin,Did Not Play,Did Not Play,Did Not Play,Did Not Play,Did Not Play,Did Not Play,Did Not Play,Did Not Play,Did Not Play,Did Not Play,Did Not Play,Did Not Play,Did Not Play,Did Not Play,Did Not Play,Did Not Play,Did Not Play,Did Not Play,Did Not Play,Did Not Play,LA Lakers
Aaron Holiday,Did Not Play,Did Not Play,Did Not Play,Did Not Play,Did Not Play,Did Not Play,Did Not Play,Did Not Play,Did Not Play,Did Not Play,Did Not Play,Did Not Play,Did Not Play,Did Not Play,Did Not Play,Did Not Play,Did Not Play,Did Not Play,Did Not Play,Did Not Play,LA Lakers
Vit Krejci,Did Not Play,Did Not Play,Did Not Play,Did Not Play,Did Not Play,Did Not Play,Did Not Play,Did Not Play,Did Not Play,Did Not Play,Did Not Play,Did Not Play,Did Not Play,Did Not Play,Did Not Play,Did Not Play,Did Not Play,Did Not Play,Did Not Play,Did Not Play,LA Lakers
Garrison Mathews,Did Not Play,Did Not Play,Did Not Play,Did Not Play,Did Not Play,Did Not Play,Did Not Play,Did Not Play,Did Not Play,Did Not Play,Did Not Play,Did Not Play,Did Not Play,Did Not Play,Did Not Play,Did Not Play,Did Not Play,Did Not Play,Did Not Play,Did Not Play,LA Lakers
Team Totals,240,42,95,.442,15,31,.484,15,19,.789,13,33,46,25,9,4,14,17,114,,LA Lakers
